{
  "core_metrics": {
    "RF v2 (80-20)": {
      "r2_score": 0.2800559929132035,
      "rmse": 11.256409674413137,
      "mse": 126.70675875822167,
      "mae": 8.781256286468796,
      "median_ae": 15.515836627665237,
      "mape": 11422923610.260689,
      "q75_error": 15.515836627665237,
      "q90_error": 15.515836627665237,
      "mean_residual": 7.977431920906771,
      "std_residual": 7.941494740004519
    },
    "XGB v2 (80-20)": {
      "r2_score": 0.14677478571882607,
      "rmse": 12.25412682704269,
      "mse": 150.16362429324732,
      "mae": 9.061109684709779,
      "median_ae": 17.059468069733413,
      "mape": 801498506.2620978,
      "q75_error": 17.059468069733413,
      "q90_error": 17.059468069733413,
      "mean_residual": 8.73335608700396,
      "std_residual": 8.596052335277992
    },
    "RF v3 (85-15)": {
      "r2_score": 0.28866945613219763,
      "rmse": 11.188870798605354,
      "mse": 125.1908297478836,
      "mae": 8.728127771122042,
      "median_ae": 15.443569782604321,
      "mape": 10429749448.546461,
      "q75_error": 15.443569782604321,
      "q90_error": 15.443569782604321,
      "mean_residual": 7.94192404503135,
      "std_residual": 7.881413084646463
    },
    "XGB v3 (85-15)": {
      "r2_score": 0.3001025166639887,
      "rmse": 11.09858841805477,
      "mse": 123.17866487337949,
      "mae": 8.183623056247928,
      "median_ae": 15.46123389309767,
      "mape": 567864643.7342583,
      "q75_error": 15.46123389309767,
      "q90_error": 15.46123389309767,
      "mean_residual": 7.899107501627683,
      "std_residual": 7.796330261803227
    }
  },
  "comparison": {
    "best_model": "XGB v3 (85-15)",
    "best_r2": 0.3001025166639887
  }
}