{
  "original_missing": 549,
  "filled_count": 549,
  "final_missing": 0,
  "score_stats": {
    "count": 1072.0,
    "mean": 6.9841569496268665,
    "std": 2.0109130852475725,
    "min": 0.3,
    "25%": 5.57125,
    "50%": 5.57125,
    "75%": 9.4,
    "max": 10.0
  }
}