{
  "timestamp": "2026-03-22T14:45:06.816276",
  "evaluation_type": "Imbalanced Class Handling",
  "issue_addressed": "Perfect accuracy due to extreme class imbalance (99.6% vs 0.4%)",
  "solutions_applied": [
    "Class weights to penalize minority class errors",
    "Stratified splitting ensuring minority class in test set",
    "ROC-AUC and Matthews Correlation metric",
    "Per-class precision/recall/F1 scores",
    "Macro-averaged metrics for balanced evaluation"
  ],
  "dataset": {
    "total_samples": 523,
    "high_suitability": 521,
    "medium_suitability": 2,
    "class_distribution": {
      "High": "99.62%",
      "Medium": "0.38%"
    }
  },
  "models": {
    "v2_stratified_80_20": {
      "random_forest": {
        "accuracy": 0.9904761904761905,
        "precision": 0.9810430839002268,
        "recall": 0.9904761904761905,
        "f1_weighted": 0.9857370699475962,
        "precision_macro": 0.49523809523809526,
        "recall_macro": 0.5,
        "f1_macro": 0.49760765550239233,
        "matthews_corrcoef": 0.0,
        "confusion_matrix": [
          [
            104,
            0
          ],
          [
            1,
            0
          ]
        ],
        "roc_auc": 1.0,
        "per_class_metrics": {
          "High (class 0)": {
            "precision": 0.9904761904761905,
            "recall": 1.0,
            "f1": 0.9952153110047847,
            "support": 104
          },
          "Medium (class 1)": {
            "precision": 0.0,
            "recall": 0.0,
            "f1": 0.0,
            "support": 1
          }
        },
        "cv_score": 0.8327359617682198
      },
      "xgboost": {
        "accuracy": 0.9904761904761905,
        "precision": 0.9810430839002268,
        "recall": 0.9904761904761905,
        "f1_weighted": 0.9857370699475962,
        "precision_macro": 0.49523809523809526,
        "recall_macro": 0.5,
        "f1_macro": 0.49760765550239233,
        "matthews_corrcoef": 0.0,
        "confusion_matrix": [
          [
            104,
            0
          ],
          [
            1,
            0
          ]
        ],
        "roc_auc": 0.5,
        "per_class_metrics": {
          "High (class 0)": {
            "precision": 0.9904761904761905,
            "recall": 1.0,
            "f1": 0.9952153110047847,
            "support": 104
          },
          "Medium (class 1)": {
            "precision": 0.0,
            "recall": 0.0,
            "f1": 0.0,
            "support": 1
          }
        },
        "cv_score": 0.665467610384345
      }
    },
    "v3_stratified_85_15": {
      "random_forest": {
        "accuracy": 0.9873417721518988,
        "precision": 0.974843775036052,
        "recall": 0.9873417721518988,
        "f1_weighted": 0.9810529710553899,
        "precision_macro": 0.4936708860759494,
        "recall_macro": 0.5,
        "f1_macro": 0.4968152866242038,
        "matthews_corrcoef": 0.0,
        "confusion_matrix": [
          [
            78,
            0
          ],
          [
            1,
            0
          ]
        ],
        "roc_auc": 1.0,
        "per_class_metrics": {
          "High (class 0)": {
            "precision": 0.9873417721518988,
            "recall": 1.0,
            "f1": 0.9936305732484076,
            "support": 78
          },
          "Medium (class 1)": {
            "precision": 0.0,
            "recall": 0.0,
            "f1": 0.0,
            "support": 1
          }
        },
        "cv_score": 0.8327683615819209
      },
      "xgboost": {
        "accuracy": 0.9873417721518988,
        "precision": 0.974843775036052,
        "recall": 0.9873417721518988,
        "f1_weighted": 0.9810529710553899,
        "precision_macro": 0.4936708860759494,
        "recall_macro": 0.5,
        "f1_macro": 0.4968152866242038,
        "matthews_corrcoef": 0.0,
        "confusion_matrix": [
          [
            78,
            0
          ],
          [
            1,
            0
          ]
        ],
        "roc_auc": 0.5,
        "per_class_metrics": {
          "High (class 0)": {
            "precision": 0.9873417721518988,
            "recall": 1.0,
            "f1": 0.9936305732484076,
            "support": 78
          },
          "Medium (class 1)": {
            "precision": 0.0,
            "recall": 0.0,
            "f1": 0.0,
            "support": 1
          }
        },
        "cv_score": 0.6655367231638418
      }
    }
  }
}