{
  "v2_80_20": {
    "rf_metrics": {
      "train": {
        "r2": 0.9869392223146702,
        "rmse": 2.198251173656858,
        "mae": 1.40681365838569,
        "median_ae": 0.8903459831884497,
        "mape": 131933641604407.05,
        "mse": 4.832308222483755
      },
      "test": {
        "r2": 0.9515913270939588,
        "rmse": 3.9555016502670446,
        "mae": 2.92632686953444,
        "median_ae": 1.8774135631585231,
        "mape": 0.06318219995102375,
        "mse": 15.645993305265314
      },
      "cv": {
        "r2_mean": 0.9271766235231084,
        "r2_std": 0.011978998958056729,
        "rmse_mean": 5.129792320780903,
        "rmse_std": 1.6993241556699166,
        "mae_mean": 3.582560270043635,
        "mae_std": -0.15251912961424663
      }
    },
    "xgb_metrics": {
      "train": {
        "r2": 0.9997341241188888,
        "rmse": 0.3136405929290721,
        "mae": 0.23473916899150207,
        "median_ae": 0.17882650959615276,
        "mape": 9257228530781.096,
        "mse": 0.09837042153289989
      },
      "test": {
        "r2": 0.9657799717494726,
        "rmse": 3.3256777393674377,
        "mae": 2.3784822770170537,
        "median_ae": 1.7627303250207333,
        "mape": 0.052832618332054854,
        "mse": 11.06013242612411
      },
      "cv": {
        "r2_mean": 0.9529173236996297,
        "r2_std": 0.00295162481212395,
        "rmse_mean": 4.155379379022426,
        "rmse_std": 1.5144979858873635,
        "mae_mean": 2.723699436061644,
        "mae_std": -0.1381078980084361
      }
    }
  },
  "v3_85_15": {
    "rf_metrics": {
      "train": {
        "r2": 0.9869713924165374,
        "rmse": 2.1973346077614964,
        "mae": 1.4781689958932285,
        "median_ae": 0.9949997536214497,
        "mape": 113408463004789.25,
        "mse": 4.82827937846637
      },
      "test": {
        "r2": 0.9534576394242517,
        "rmse": 3.7689623470907314,
        "mae": 2.8066598204615176,
        "median_ae": 1.9345410576712823,
        "mape": 0.061555267808966016,
        "mse": 14.205077173787675
      },
      "cv": {
        "r2_mean": 0.9327724198951597,
        "r2_std": 0.005588632738375054,
        "rmse_mean": 4.967536722381717,
        "rmse_std": 1.4790396150763507,
        "mae_mean": 3.522187518598691,
        "mae_std": -0.16986778117956478
      }
    },
    "xgb_metrics": {
      "train": {
        "r2": 0.9997033774122194,
        "rmse": 0.3315502073255534,
        "mae": 0.2571569388028274,
        "median_ae": 0.2083526345339095,
        "mape": 6174707737092.618,
        "mse": 0.10992553997761743
      },
      "test": {
        "r2": 0.96846274420243,
        "rmse": 3.1024839672984372,
        "mae": 2.1575801032747055,
        "median_ae": 1.3767089621559947,
        "mape": 0.0516951432225076,
        "mse": 9.62540676734385
      },
      "cv": {
        "r2_mean": 0.9634891870971647,
        "r2_std": 0.0046887188082812906,
        "rmse_mean": 3.694826208843226,
        "rmse_std": 1.7848647588593174,
        "mae_mean": 2.6111843011196223,
        "mae_std": -0.2987661704881571
      }
    }
  }
}